occupation_id,title,country_code,year,workforce_basis,annual_requests,cloud_facility_mwh,local_device_mwh,known_total_mwh,status,missing_reason,source_ids
no-styrk1-managers,Managers (STYRK-08 1),NO,2025,headcount,,,,,unknown,No compatible broad-group annual-hours observation selected; No reviewed task profile selected,assumption-broad-occupation-gaps;ssb-11658-2025k4-broad
no-styrk2-professionals,Professionals (STYRK-08 2),NO,2025,headcount,,,,,unknown,No compatible broad-group annual-hours observation selected; No reviewed task profile selected,assumption-broad-occupation-gaps;ssb-11658-2025k4-broad
no-styrk3-armed,Technicians associate professionals and armed forces (SSB combined group),NO,2025,headcount,,,,,unknown,No compatible broad-group annual-hours observation selected; No reviewed task profile selected,assumption-broad-occupation-gaps;ssb-11658-2025k4-broad
no-styrk4-clerical,Clerical support workers (STYRK-08 4),NO,2025,headcount,,,,,unknown,No compatible broad-group annual-hours observation selected; No reviewed task profile selected,assumption-broad-occupation-gaps;ssb-11658-2025k4-broad
no-styrk5-service-sales,Service and sales workers (STYRK-08 5),NO,2025,headcount,,,,,unknown,No compatible broad-group annual-hours observation selected; No reviewed task profile selected,assumption-broad-occupation-gaps;ssb-11658-2025k4-broad
no-styrk6-agriculture,Skilled agricultural forestry and fishery workers (STYRK-08 6),NO,2025,headcount,,,,,unknown,No compatible broad-group annual-hours observation selected; No reviewed task profile selected,assumption-broad-occupation-gaps;ssb-11658-2025k4-broad
no-styrk7-craft,Craft and related trades workers (STYRK-08 7),NO,2025,headcount,,,,,unknown,No compatible broad-group annual-hours observation selected; No reviewed task profile selected,assumption-broad-occupation-gaps;ssb-11658-2025k4-broad
no-styrk8-operators,Plant and machine operators and assemblers (STYRK-08 8),NO,2025,headcount,,,,,unknown,No compatible broad-group annual-hours observation selected; No reviewed task profile selected,assumption-broad-occupation-gaps;ssb-11658-2025k4-broad
no-styrk9-elementary,Elementary occupations (STYRK-08 9),NO,2025,headcount,,,,,unknown,No compatible broad-group annual-hours observation selected; No reviewed task profile selected,assumption-broad-occupation-gaps;ssb-11658-2025k4-broad
